{
  "Author": "status102",
  "Name": "StatusCode",
  "InternalName": "StatusCode",
  "AssemblyVersion": "0.1.5.0",
  "Description": "测试工具",
  "ApplicableVersion": "any",
  "RepoUrl": "https://github.com/status102/StatusCode",
  "Tags": [
    "Tool"
  ],
  "DalamudApiLevel": 9,
  "LoadRequiredState": 0,
  "LoadSync": false,
  "CanUnloadAsync": false,
  "LoadPriority": 0,
  "ImageUrls": [
    "https://raw.githubusercontent.com/status102/Cashier/master/Image/Main.png",
    "https://raw.githubusercontent.com/status102/Cashier/master/Image/History.png"
  ],
  "Punchline": "测试工具",
  "AcceptsFeedback": true
}