{
  "Author": "status102",
  "Name": "Cashier",
  "InternalName": "Cashier",
  "AssemblyVersion": "0.1.1.3",
  "Description": "",
  "ApplicableVersion": "any",
  "RepoUrl": "https://github.com/status102/Cashier",
  "Tags": [
    "Trade",
    "MarketBoard",
    "RetainerSell"
  ],
  "DalamudApiLevel": 9,
  "LoadRequiredState": 0,
  "LoadSync": false,
  "CanUnloadAsync": false,
  "LoadPriority": 0,
  "ImageUrls": [
    "https://github.com/status102/Cashier/raw/master/Image/History.png"
  ],
  "Punchline": "老板队结账太麻烦？忘了交易给了多少金币？用这个",
  "AcceptsFeedback": true
}