{
  "Author": "status102",
  "Name": "Cashier",
  "InternalName": "Cashier",
  "AssemblyVersion": "0.1.4.2",
  "Description": "买东西忘记给了多少钱？老板队结账太麻烦？用这个",
  "ApplicableVersion": "any",
  "RepoUrl": "https://github.com/status102/Cashier",
  "Tags": [
    "Trade"
  ],
  "DalamudApiLevel": 9,
  "LoadRequiredState": 0,
  "LoadSync": false,
  "CanUnloadAsync": false,
  "LoadPriority": 0,
  "ImageUrls": [
    "https://raw.githubusercontent.com/status102/Cashier/master/Image/Main.png",
    "https://raw.githubusercontent.com/status102/Cashier/master/Image/History.png"
  ],
  "Punchline": "自动结账，交易记录",
  "AcceptsFeedback": true
}